City_ID,City,Country,Lat,Lng,Max Temp,Humidity,Cloudiness,Wind Speed,Weather Description
0,Erenhot,CN,43.6475,111.9767,79.57,28,19,8.28,few clouds
1,Pangnirtung,CA,66.1451,-65.7125,47.08,86,100,2.66,light rain
2,Atuona,PF,-9.8,-139.0333,77.72,75,6,14.38,clear sky
3,Chalus,IR,36.655,51.4204,78.26,78,75,0.0,broken clouds
4,Punta Arenas,CL,-53.15,-70.9167,33.82,74,40,21.85,scattered clouds
5,Hare Bay,CA,48.8499,-54.0148,63.75,94,100,13.49,overcast clouds
6,Kavieng,PG,-2.5744,150.7967,82.96,75,94,11.34,light rain
7,Chuy,UY,-33.6971,-53.4616,57.11,95,17,7.43,few clouds
8,Geraldton,AU,-28.7667,114.6,63.01,94,75,16.11,broken clouds
9,Hobart,AU,-42.8794,147.3294,39.25,96,20,9.22,few clouds
10,Rikitea,PF,-23.1203,-134.9692,73.44,74,0,3.85,clear sky
11,Ozinki,RU,51.1786,49.6769,64.58,56,14,7.47,few clouds
12,Thompson,CA,55.7435,-97.8558,62.76,82,75,14.97,broken clouds
13,Airai,TL,-8.9266,125.4092,63.37,80,89,3.76,overcast clouds
14,Bethel,US,41.3712,-73.414,87.67,65,36,7.52,scattered clouds
15,Vaini,TO,-21.2,-175.2,78.96,78,40,9.22,scattered clouds
16,Ushuaia,AR,-54.8,-68.3,31.66,74,75,14.97,broken clouds
17,Hermanus,ZA,-34.4187,19.2345,50.29,74,0,6.46,clear sky
18,Saint-Leu,RE,-21.15,55.2833,67.06,66,36,9.26,scattered clouds
19,Bilibino,RU,68.0546,166.4372,52.72,44,93,5.88,overcast clouds
20,Saint George,US,37.1041,-113.5841,108.19,15,0,18.41,clear sky
21,Yellowknife,CA,62.456,-114.3525,70.32,40,75,10.36,broken clouds
22,Mataura,NZ,-46.1927,168.8643,41.49,81,100,3.04,overcast clouds
23,Zabid,YE,14.1951,43.3152,84.87,53,100,6.71,overcast clouds
24,Arraial Do Cabo,BR,-22.9661,-42.0278,69.98,87,4,10.67,clear sky
25,Atambua,ID,-9.1061,124.8925,75.69,74,99,3.94,overcast clouds
26,Puerto Escondido,MX,15.85,-97.0667,86.83,58,40,5.75,scattered clouds
27,Abu Samrah,SY,35.3029,37.1841,74.39,67,0,14.94,clear sky
28,Cornelio Procopio,BR,-23.1811,-50.6467,65.7,64,3,6.29,clear sky
29,Cape Town,ZA,-33.9258,18.4232,56.37,78,0,3.44,clear sky
30,Antofagasta,CL,-23.65,-70.4,56.48,82,90,1.3,overcast clouds
31,Laguna,US,38.421,-121.4238,106.75,19,0,8.05,clear sky
32,Kununurra,AU,-15.7667,128.7333,64.38,77,67,0.0,broken clouds
33,Tasiilaq,GL,65.6145,-37.6368,39.36,79,78,1.92,broken clouds
34,Esperance,AU,-33.8667,121.9,58.96,67,100,20.83,light rain
35,Pirgos,GR,35.1167,25.7178,76.62,50,0,13.09,clear sky
36,Castro,BR,-24.7911,-50.0119,57.13,92,1,4.29,clear sky
37,Kloulklubed,PW,7.0419,134.2556,79.3,72,82,2.53,broken clouds
38,Narsaq,GL,60.9167,-46.05,53.82,93,69,1.39,broken clouds
39,Balkanabat,TM,39.5108,54.3671,83.88,50,0,3.22,clear sky
40,Te Anau,NZ,-45.4167,167.7167,41.83,85,97,2.62,overcast clouds
41,Kaitangata,NZ,-46.2817,169.8464,43.03,81,100,8.68,overcast clouds
42,Bluff,NZ,-46.6,168.3333,41.81,67,100,7.74,overcast clouds
43,Pangoa,PE,-12.1167,-73.0,70.5,83,82,1.74,broken clouds
44,Youkounkoun,GN,12.5333,-13.1333,73.8,93,100,6.11,overcast clouds
45,Grand Gaube,MU,-20.0064,57.6608,68.4,66,94,10.0,overcast clouds
46,Luderitz,NA,-26.6481,15.1594,56.08,62,8,14.5,clear sky
47,Naze,JP,28.3667,129.4833,83.32,83,78,16.42,broken clouds
48,Jamestown,US,42.097,-79.2353,85.59,58,0,11.5,clear sky
49,Qaanaaq,GL,77.484,-69.3632,40.51,82,100,2.77,overcast clouds
50,Ketchikan,US,55.3422,-131.6461,59.47,67,100,9.22,overcast clouds
51,Busselton,AU,-33.65,115.3333,56.26,92,100,12.33,overcast clouds
52,Tuktoyaktuk,CA,69.4541,-133.0374,51.8,93,100,8.05,overcast clouds
53,Ponta Do Sol,PT,32.6667,-17.1,71.71,78,7,5.44,clear sky
54,Puqi,CN,29.7167,113.8833,82.53,88,100,1.86,overcast clouds
55,Tessalit,ML,20.1986,1.0114,76.91,66,99,17.49,overcast clouds
56,Dingle,PH,10.9995,122.6711,80.8,82,87,1.36,moderate rain
57,Kodinsk,RU,58.6881,99.1844,60.13,79,86,3.94,overcast clouds
58,Severo-Kurilsk,RU,50.6789,156.125,52.72,96,99,11.52,light rain
59,Sao Filipe,CV,14.8961,-24.4956,76.23,88,75,4.92,broken clouds
60,Longyearbyen,SJ,78.2186,15.6401,49.84,87,75,5.75,broken clouds
61,Marsa Matruh,EG,31.3525,27.2453,75.4,73,0,5.75,clear sky
62,Sao Joao Da Barra,BR,-21.6403,-41.0511,68.2,93,6,7.81,clear sky
63,Cabo San Lucas,MX,22.8909,-109.9124,97.61,51,0,23.02,clear sky
64,Nanortalik,GL,60.1432,-45.2371,49.23,88,29,13.18,scattered clouds
65,Chokurdakh,RU,70.6333,147.9167,51.3,55,77,7.9,broken clouds
66,Veere,NL,51.5483,3.6667,68.02,89,93,10.36,overcast clouds
67,San Patricio,US,28.017,-97.5169,93.54,58,20,20.42,few clouds
68,Raudeberg,NO,61.9875,5.1352,54.27,92,100,7.18,overcast clouds
69,Bambous Virieux,MU,-20.3428,57.7575,68.25,77,40,13.8,light rain
70,Kapaa,US,22.0752,-159.319,84.52,72,20,14.97,few clouds
71,Provideniya,RU,64.3833,-173.3,48.36,76,100,22.37,overcast clouds
72,Hilo,US,19.7297,-155.09,84.27,73,75,4.61,broken clouds
73,Gdansk,PL,54.3521,18.6464,69.51,84,0,1.14,clear sky
74,Bredasdorp,ZA,-34.5322,20.0403,44.28,89,0,5.5,clear sky
75,Buala,SB,-8.145,159.5921,85.14,66,100,7.92,overcast clouds
76,Alexandria,EG,31.2156,29.9553,76.96,73,0,12.66,clear sky
77,Kieta,PG,-6.2167,155.6333,84.43,68,90,4.03,overcast clouds
78,San Quintin,MX,30.4833,-115.95,74.37,67,30,12.59,scattered clouds
79,Nemuro,JP,43.3236,145.575,59.2,89,59,5.7,broken clouds
80,Shimoda,JP,34.6667,138.95,79.16,77,96,8.84,overcast clouds
81,Collie,AU,-33.3667,116.15,51.87,97,100,4.47,overcast clouds
82,Butaritari,KI,3.0707,172.7902,81.07,79,61,8.12,light rain
83,Port Elizabeth,ZA,-33.918,25.5701,55.31,89,75,8.05,broken clouds
84,Mehamn,NO,71.0357,27.8492,53.55,94,20,3.44,few clouds
85,Zhigansk,RU,66.7697,123.3711,52.32,66,100,11.81,overcast clouds
86,Port Alfred,ZA,-33.5906,26.891,55.18,97,99,3.0,overcast clouds
87,Niksic,ME,42.7731,18.9445,55.26,54,0,5.28,clear sky
88,Klaksvik,FO,62.2266,-6.589,47.32,92,99,18.97,overcast clouds
89,Cordoba,AR,-31.4135,-64.1811,61.75,55,0,4.61,clear sky
90,Ust-Tsilma,RU,65.441,52.1498,57.97,82,30,4.92,scattered clouds
91,Wattegama,LK,6.7989,81.4808,74.46,92,98,3.06,overcast clouds
92,Apango,MX,17.7333,-99.3333,77.63,79,85,5.75,overcast clouds
93,Saint-Philippe,RE,-21.3585,55.7679,67.59,78,46,15.12,light rain
94,Faya,SA,18.3851,42.4509,68.11,49,100,5.3,overcast clouds
95,Balakhta,RU,55.38,91.6,56.75,92,99,3.49,overcast clouds
96,Cherskiy,RU,68.75,161.3,47.26,41,11,17.69,few clouds
97,Barrow,US,71.2906,-156.7887,57.22,51,0,12.66,clear sky
98,Hasaki,JP,35.7333,140.8333,84.29,75,94,6.29,light rain
99,Upernavik,GL,72.7868,-56.1549,48.74,68,91,6.29,overcast clouds
100,Kichera,RU,55.9375,110.0997,61.27,79,85,0.22,overcast clouds
101,Benguela,AO,-12.5763,13.4055,65.93,91,43,2.73,scattered clouds
102,Ixtapa,MX,20.7,-105.2,90.63,70,75,6.91,broken clouds
103,Monrovia,LR,6.3005,-10.7969,74.97,81,100,12.57,light rain
104,Imbituba,BR,-28.24,-48.6703,64.09,94,1,5.99,clear sky
105,Elat,IL,29.5581,34.9482,85.84,48,0,12.66,clear sky
106,Bocas Del Toro,PA,9.3333,-82.25,78.6,84,100,6.44,overcast clouds
107,Viedma,AR,-40.8135,-62.9967,51.87,72,86,16.8,light rain
108,Norman Wells,CA,65.282,-126.8329,77.04,33,75,4.61,broken clouds
109,New Norfolk,AU,-42.7826,147.0587,40.91,71,3,1.66,clear sky
110,Los Llanos De Aridane,ES,28.6585,-17.9182,67.75,88,7,18.41,clear sky
111,Patea,NZ,-39.7583,174.4833,54.7,87,100,10.92,moderate rain
112,Talnakh,RU,69.4865,88.3972,54.21,66,99,5.64,overcast clouds
113,Honiara,SB,-9.4333,159.95,86.88,61,73,5.75,broken clouds
114,Batesville,US,35.7698,-91.641,98.08,47,0,13.8,clear sky
115,Ancud,CL,-41.8697,-73.8203,39.22,67,49,9.73,scattered clouds
116,Vestmannaeyjar,IS,63.4427,-20.2734,52.56,84,80,14.47,broken clouds
117,Kodiak,US,57.79,-152.4072,58.51,67,20,6.91,few clouds
118,Vostok,RU,46.4856,135.8833,67.51,90,32,2.26,light rain
119,Ribeira Grande,PT,38.5167,-28.7,70.2,88,20,5.75,few clouds
120,Hunchun,CN,42.8675,130.3581,68.77,97,95,1.77,overcast clouds
121,Seoul,KR,37.5683,126.9778,70.99,94,100,11.5,light rain
122,Nikolskoye,RU,59.7035,30.7861,65.88,80,73,7.38,broken clouds
123,Georgetown,MY,5.4112,100.3354,79.9,94,20,3.44,few clouds
124,Corning,US,42.1428,-77.0547,87.57,57,28,9.62,scattered clouds
125,Hami,CN,42.8,93.45,65.44,53,17,1.57,few clouds
126,Batagay,RU,67.6333,134.6333,52.43,59,97,3.11,overcast clouds
127,California City,US,35.1258,-117.9859,102.94,12,0,21.85,clear sky
128,Washington,US,47.5001,-120.5015,95.77,21,0,9.19,clear sky
129,Kerrville,US,30.0474,-99.1403,100.49,32,0,9.22,clear sky
130,Havelock,US,34.8791,-76.9013,82.38,82,0,16.11,light rain
131,Saint-Pierre,RE,-21.3393,55.4781,67.68,69,20,21.85,few clouds
132,Victoria,HK,22.2855,114.1577,88.97,79,19,5.99,few clouds
133,Saldanha,ZA,-33.0117,17.9442,41.05,68,0,9.62,clear sky
134,Constitucion,CL,-35.3333,-72.4167,51.13,92,4,6.4,clear sky
135,Boysun,UZ,38.2061,67.1986,76.15,24,0,2.93,clear sky
136,La Rioja,ES,42.25,-2.5,60.58,79,0,3.36,clear sky
137,Vigrestad,NO,58.5667,5.7,62.96,95,100,21.61,overcast clouds
138,Verkhnevilyuysk,RU,63.4453,120.3167,60.08,89,100,2.95,overcast clouds
139,Zhanaozen,KZ,43.3,52.8,79.43,37,24,23.76,few clouds
140,Abu Kamal,SY,34.4506,40.9171,87.93,28,0,12.15,clear sky
141,Flinders,AU,-34.5833,150.8552,56.48,92,100,5.01,light rain
142,Zemio,CF,5.0314,25.1361,67.33,97,70,1.34,broken clouds
143,Yelizovo,RU,53.1873,158.3805,62.11,72,40,8.99,scattered clouds
144,Qui Nhon,VN,13.7667,109.2333,75.54,91,100,4.65,overcast clouds
145,Posse,BR,-14.0931,-46.3694,69.15,44,4,7.49,clear sky
146,Matay,EG,28.419,30.7792,79.65,47,0,15.23,clear sky
147,Bubaque,GW,11.2833,-15.8333,77.02,91,100,20.22,moderate rain
148,Isangel,VU,-19.55,169.2667,84.31,74,75,4.61,broken clouds
149,Agogo,GH,6.8,-1.0819,65.39,83,65,5.35,broken clouds
150,Lulea,SE,65.5842,22.1547,60.87,88,100,3.44,overcast clouds
151,Sungurlu,TR,40.1675,34.3739,57.87,64,0,4.61,clear sky
152,Surgut,RU,61.25,73.4167,59.18,76,0,8.99,clear sky
153,Sukhovolya,UA,49.8243,23.8377,56.26,89,5,4.27,clear sky
154,Tokonou,GN,9.65,-9.7833,68.11,98,100,6.44,light rain
155,Ocos,GT,14.5094,-92.1933,89.78,75,97,6.4,overcast clouds
156,Balkhash,KZ,46.844,74.9804,77.61,47,0,11.18,clear sky
157,Vostochnyy,RU,55.8167,37.8667,57.47,95,100,5.46,light rain
158,Harrison,US,30.4091,-89.0436,89.67,76,0,12.66,clear sky
159,Deputatskiy,RU,69.3,139.9,42.15,80,92,12.82,overcast clouds
160,Nichinan,JP,31.6,131.3667,83.88,80,100,11.25,overcast clouds
161,Krasnoarmeysk,RU,51.0239,45.6969,62.35,63,77,7.94,broken clouds
162,Saint-Francois,FR,46.4154,3.9054,63.84,88,75,0.0,broken clouds
163,Poronaysk,RU,49.2167,143.1167,63.41,76,99,8.32,overcast clouds
164,Palmer,US,42.1584,-72.3287,91.0,60,11,3.62,few clouds
165,Port Blair,IN,11.6667,92.75,78.84,94,100,2.3,drizzle
166,Ewa Beach,US,21.3156,-158.0072,83.43,64,100,12.66,light rain
167,Birao,CF,10.2849,22.7882,71.64,91,51,3.89,broken clouds
168,Honjo,JP,36.2333,139.1833,82.44,59,92,0.51,overcast clouds
169,Diego De Almagro,CL,-26.3667,-70.05,60.46,50,100,2.44,overcast clouds
170,Lipari,IT,38.4674,14.954,77.32,62,0,1.28,clear sky
171,Kaniama,CD,-7.5667,24.1833,72.91,45,83,3.91,broken clouds
172,Kavaratti,IN,10.5669,72.642,81.03,79,100,19.22,overcast clouds
173,Kupang,ID,-10.1667,123.5833,79.27,72,91,10.92,overcast clouds
174,Ashland,US,40.8167,-82.2665,84.74,68,8,16.8,clear sky
175,Asau,RO,46.4333,26.4,68.92,73,13,5.17,few clouds
176,Novaya Bryan,RU,51.7159,108.2691,63.12,65,96,2.19,overcast clouds
177,Cidreira,BR,-30.1811,-50.2056,62.15,93,0,16.71,clear sky
178,Ucluelet,CA,48.9329,-125.5528,63.09,85,10,1.01,clear sky
179,Bairiki,KI,1.3292,172.9752,78.8,94,75,10.36,light intensity shower rain
180,Wittenberge,DE,53.0,11.75,80.01,43,36,4.16,scattered clouds
181,Bilma,NE,18.6853,12.9164,89.96,28,71,5.12,broken clouds
182,Fare,PF,-16.7,-151.0167,77.72,70,0,11.63,clear sky
183,Pevek,RU,69.7008,170.3133,31.8,85,99,16.15,overcast clouds
184,Richards Bay,ZA,-28.783,32.0377,62.06,89,19,5.75,few clouds
185,Aberdeen,GB,57.1437,-2.0981,60.21,75,75,9.22,broken clouds
186,Sibolga,ID,1.7427,98.7792,75.36,84,64,3.38,broken clouds
187,Tuatapere,NZ,-46.1333,167.6833,45.09,81,100,3.96,overcast clouds
188,Espinosa,BR,-14.9261,-42.8192,66.88,75,30,4.9,scattered clouds
189,Lima,PE,-12.0432,-77.0282,57.45,82,100,9.22,overcast clouds
190,Khatanga,RU,71.9667,102.5,47.89,62,100,22.24,overcast clouds
191,Dikson,RU,73.5069,80.5464,40.28,79,56,27.98,broken clouds
192,Axim,GH,4.8699,-2.2405,73.11,76,46,8.66,scattered clouds
193,Sao Felix Do Xingu,BR,-6.6447,-51.995,81.01,42,55,1.01,broken clouds
194,Dunedin,NZ,-45.8742,170.5036,45.81,65,100,15.01,overcast clouds
195,Havoysund,NO,70.9963,24.6622,53.83,78,76,10.85,broken clouds
196,Puerto Ayora,EC,-0.7393,-90.3518,67.55,99,89,7.0,overcast clouds
197,Alofi,NU,-19.0595,-169.9187,76.89,73,75,9.22,light intensity shower rain
198,Beringovskiy,RU,63.05,179.3167,44.01,71,99,15.9,overcast clouds
199,Inhambane,MZ,-23.865,35.3833,67.35,85,0,5.46,clear sky
200,Sitka,US,57.0531,-135.33,53.49,82,100,11.5,light rain
201,Mar Del Plata,AR,-38.0023,-57.5575,58.08,61,20,15.99,few clouds
202,San Cristobal,VE,7.7669,-72.225,75.38,98,62,3.8,broken clouds
203,Wajir,KE,1.7471,40.0573,70.12,61,81,11.39,broken clouds
204,Hiriyur,IN,13.9456,76.6192,72.01,86,36,12.08,scattered clouds
205,Torbay,CA,47.6666,-52.7314,65.57,82,100,21.85,overcast clouds
206,Vila Velha,BR,-20.3297,-40.2925,71.55,91,40,8.01,scattered clouds
207,Karratha,AU,-20.7377,116.8463,68.18,57,4,5.91,clear sky
208,Kamien Pomorski,PL,53.9685,14.7726,77.36,46,54,13.42,broken clouds
209,Kato Khorion,GR,35.05,25.7833,76.35,50,0,14.0,clear sky
210,Tipuani,BO,-15.5648,-68.0185,69.21,83,91,2.08,overcast clouds
211,Saskylakh,RU,71.9167,114.0833,48.09,62,51,16.11,broken clouds
212,Ostrovnoy,RU,68.0531,39.5131,47.05,97,19,5.32,few clouds
213,Sinor,IN,21.9167,73.3333,78.82,91,94,7.4,light rain
214,Souillac,MU,-20.5167,57.5167,68.38,77,40,13.8,light rain
215,Lumeje,AO,-11.55,20.7833,61.41,36,4,5.61,clear sky
216,Rio Gallegos,AR,-51.6226,-69.2181,32.05,69,0,19.57,clear sky
217,Alanya,TR,36.5438,31.9998,77.13,52,0,6.78,clear sky
218,Salalah,OM,17.0151,54.0924,77.09,100,100,6.91,drizzle
219,Sakakah,SA,29.9697,40.2064,94.57,17,67,5.14,broken clouds
220,Sumbe,AO,-11.2061,13.8437,66.87,91,26,5.95,scattered clouds
221,Tezu,IN,27.9167,96.1667,76.37,98,100,1.57,overcast clouds
222,Labuhan,ID,-6.8844,112.2051,76.48,78,17,13.24,few clouds
223,Black Diamond,US,47.3087,-122.0032,88.21,48,0,5.01,clear sky
224,Yatou,CN,37.15,122.3833,74.93,79,68,6.76,broken clouds
225,Lamu,KE,-2.2717,40.902,71.82,81,16,16.35,light rain
226,Byron Bay,AU,-28.65,153.6167,59.94,75,100,17.09,light rain
227,Vardo,NO,70.3705,31.1107,49.98,100,75,5.75,fog
228,Ahipara,NZ,-35.1667,173.1667,56.23,75,64,22.21,broken clouds
229,Bathsheba,BB,13.2167,-59.5167,81.21,95,20,11.5,few clouds
230,Gusau,NG,12.1628,6.6614,72.28,86,100,6.73,light rain
231,Goderich,CA,43.7501,-81.7165,76.91,73,64,18.41,broken clouds
232,Nainpur,IN,22.4333,80.1167,74.14,97,100,3.31,overcast clouds
233,Leeton,AU,-34.5667,146.4,51.89,64,99,14.43,overcast clouds
234,Albany,US,42.6001,-73.9662,90.18,58,50,4.09,scattered clouds
235,Yeppoon,AU,-23.1333,150.7333,58.78,91,100,19.93,light rain
236,Kolomna,RU,55.0794,38.7783,51.87,97,93,5.61,light rain
237,Vozrozhdeniye,RU,44.5503,38.2136,63.12,79,0,1.07,clear sky
238,Khandyga,RU,62.6667,135.6,80.35,55,0,1.95,clear sky
239,Pitimbu,BR,-7.4706,-34.8086,73.99,87,94,10.98,overcast clouds
240,Dudinka,RU,69.4058,86.1778,54.63,80,99,8.75,overcast clouds
241,Auki,SB,-8.7676,160.7034,85.15,64,100,2.21,overcast clouds
242,Nador,MA,35.174,-2.9287,79.05,78,100,5.75,overcast clouds
243,Villamontes,BO,-21.25,-63.5,77.77,45,84,8.72,broken clouds
244,Sao Lourenco Do Oeste,BR,-26.3592,-52.8511,59.63,92,7,3.38,clear sky
245,Carnarvon,AU,-24.8667,113.6333,72.37,77,61,14.14,broken clouds
246,Aklavik,CA,68.2191,-135.0107,66.2,59,75,5.75,broken clouds
247,Tazovskiy,RU,67.4667,78.7,45.03,89,92,11.61,overcast clouds
248,Tefe,BR,-3.3542,-64.7114,80.71,89,20,2.3,few clouds
249,Mangan,IN,27.5167,88.5333,75.31,92,100,0.58,overcast clouds
250,Tigil,RU,57.8,158.6667,74.28,55,30,8.97,scattered clouds
251,Berbera,SO,10.4396,45.0143,87.71,42,62,30.02,broken clouds
252,Krasnyy Chikoy,RU,50.3643,108.7512,62.11,70,56,1.32,broken clouds
253,Kahului,US,20.8947,-156.47,83.97,61,20,24.16,few clouds
254,Fairbanks,US,64.8378,-147.7164,68.09,51,75,9.22,broken clouds
255,Alberton,CA,46.8168,-64.0654,71.73,71,3,9.86,clear sky
256,Codrington,AU,-38.2667,141.9667,47.97,62,1,7.16,clear sky
257,Rundu,NA,-17.9333,19.7667,50.56,40,2,5.75,clear sky
258,Micheweni,TZ,-4.9667,39.8333,74.43,78,35,14.76,scattered clouds
259,Gat,IL,31.61,34.7642,77.68,100,0,4.23,clear sky
260,Diebougou,BF,10.9667,-3.25,71.87,93,40,4.92,scattered clouds
261,Katherine,AU,-14.4667,132.2667,70.12,49,36,5.75,scattered clouds
262,Otavi,NA,-19.65,17.3333,54.84,36,0,7.67,clear sky
263,Alekseyevsk,RU,57.8406,108.3492,60.12,83,64,3.22,broken clouds
264,Avarua,CK,-21.2078,-159.775,75.25,69,75,16.11,broken clouds
265,Coquimbo,CL,-29.9533,-71.3436,53.33,87,100,2.3,overcast clouds
266,Mount Gambier,AU,-37.8333,140.7667,49.05,63,5,6.29,clear sky
267,Seymchan,RU,62.8833,152.4333,46.44,73,100,9.64,overcast clouds
268,Lagoa,PT,39.05,-27.9833,71.38,82,8,5.08,clear sky
269,Nalut,LY,30.3333,10.85,81.32,26,0,13.56,clear sky
270,Sangar,RU,63.9242,127.4739,62.47,94,100,5.08,light rain
271,High Rock,BS,26.6208,-78.2833,86.02,72,1,11.25,clear sky
272,Pizarro,CO,4.9533,-77.366,77.07,91,98,9.55,moderate rain
273,College,US,64.8569,-147.8028,68.09,53,75,9.22,broken clouds
274,Ridgecrest,US,35.6225,-117.6709,109.65,9,75,14.0,broken clouds
275,Korla,CN,41.7597,86.1469,67.21,48,0,1.57,clear sky
276,Mount Isa,AU,-20.7333,139.5,58.77,31,0,9.22,clear sky
277,Pyapon,MM,16.2833,95.6833,77.67,92,100,7.16,very heavy rain
278,Abnub,EG,27.2696,31.1511,84.42,35,2,16.24,clear sky
279,Lazaro Cardenas,MX,17.9583,-102.2,84.81,79,11,5.95,few clouds
280,Yerbogachen,RU,61.2767,108.0108,61.39,81,79,4.63,broken clouds
281,Vila,PT,42.0304,-8.1588,61.7,73,0,4.52,clear sky
282,Iskateley,RU,67.6803,53.1512,48.25,92,60,12.01,broken clouds
283,Scottsbluff,US,41.8666,-103.6672,97.92,15,0,5.75,clear sky
284,Qaqortoq,GL,60.7167,-46.0333,49.37,91,63,3.04,broken clouds
285,Zyryanka,RU,65.75,150.85,56.7,48,68,5.73,broken clouds
286,Nouakchott,MR,18.0858,-15.9785,76.93,83,99,16.96,overcast clouds
287,Kruisfontein,ZA,-34.0033,24.7314,51.89,89,91,5.93,overcast clouds
288,Ekhabi,RU,53.5102,142.9671,57.67,90,100,10.71,overcast clouds
289,Padang,ID,-0.9492,100.3543,73.45,84,49,3.27,scattered clouds
290,Viisoara,RO,46.55,23.9167,69.76,64,0,5.99,clear sky
291,Olafsvik,IS,64.8945,-23.7142,50.38,76,75,8.05,broken clouds
292,Mapiri,BO,-15.25,-68.1667,67.12,86,72,0.98,broken clouds
293,Fortuna,US,40.5982,-124.1573,70.93,70,33,3.0,scattered clouds
294,Broome,US,42.2506,-75.833,87.01,55,20,8.05,few clouds
295,Ilulissat,GL,69.2167,-51.1,59.02,41,75,16.11,broken clouds
296,Boa Vista,BR,2.8197,-60.6733,85.98,62,20,2.3,few clouds
297,Lasa,IT,46.6166,10.7002,68.36,86,25,1.68,scattered clouds
298,Friedeburg,DE,53.45,7.8333,67.91,94,40,5.48,scattered clouds
299,Southbridge,US,42.0751,-72.0334,87.82,75,56,5.44,broken clouds
300,Chapais,CA,49.7834,-74.8492,71.38,64,91,6.2,overcast clouds
301,El Ocotito,MX,17.25,-99.5667,78.93,87,67,2.17,broken clouds
302,Mahon,ES,39.8885,4.2658,75.76,94,0,8.05,clear sky
303,Kolno,PL,53.4115,21.9291,59.18,81,21,0.27,few clouds
304,Clyde River,CA,70.4692,-68.5914,37.63,100,100,10.36,light rain
305,Dukat,RU,62.55,155.55,50.18,43,97,8.57,overcast clouds
306,Sept-Iles,CA,50.2001,-66.3821,79.32,42,20,9.22,few clouds
307,Vanimo,PG,-2.6741,141.3028,78.28,85,100,4.38,overcast clouds
308,Cootamundra,AU,-34.65,148.0333,52.97,69,99,17.52,overcast clouds
309,Monterey,US,36.2505,-121.2516,97.18,16,0,12.64,clear sky
310,Prado,BR,-17.3411,-39.2208,70.5,82,7,7.38,clear sky
311,Sibu,MY,2.3,111.8167,77.31,88,40,5.01,scattered clouds
312,Harer,ET,9.3094,42.1258,56.98,93,100,3.85,light rain
313,Kasongo-Lunda,CD,-6.4667,16.8167,71.2,75,64,3.09,broken clouds
314,Tilichiki,RU,60.4667,166.1,62.96,40,6,7.11,clear sky
315,Taoudenni,ML,22.6783,-3.9836,93.67,31,52,1.7,broken clouds
316,Cam Ranh,VN,11.9214,109.1591,76.96,88,75,3.44,broken clouds
317,Tsiroanomandidy,MG,-18.7667,46.0333,56.3,77,21,5.12,few clouds
318,Katsuura,JP,35.1333,140.3,80.15,78,71,7.96,broken clouds
319,Adrar,MR,20.5022,-10.0711,90.75,26,62,9.8,broken clouds
320,Samarai,PG,-10.6167,150.6667,82.2,76,20,11.97,few clouds
321,Lavrentiya,RU,65.5833,-171.0,41.76,76,100,25.84,overcast clouds
322,Fort Nelson,CA,58.8053,-122.7002,74.79,33,75,5.75,broken clouds
323,Port Jervis,US,41.3751,-74.6927,89.38,70,6,6.71,clear sky
324,Alice Springs,AU,-23.7,133.8833,42.35,56,1,6.91,clear sky
325,Zhizdra,RU,53.746,34.7395,54.39,91,81,11.1,broken clouds
326,Lompoc,US,34.6391,-120.4579,91.02,65,0,17.27,clear sky
327,Russell,US,32.3502,-85.1999,91.0,75,82,8.99,broken clouds
328,Westport,US,41.1415,-73.3579,89.28,66,0,11.5,clear sky
329,Hamilton,US,39.1834,-84.5333,91.99,70,75,13.8,broken clouds
330,Wana,PK,32.2989,69.5725,80.8,61,0,2.48,clear sky
331,Husavik,IS,66.0449,-17.3389,45.52,88,91,1.9,overcast clouds
332,Along,IN,28.1667,94.7667,75.87,99,100,0.36,overcast clouds
333,Jishou,CN,28.3167,109.7167,79.56,91,96,1.52,overcast clouds
334,Sola,VU,-13.8833,167.55,80.92,79,35,20.49,scattered clouds
335,Garowe,SO,8.4054,48.4845,75.51,45,45,14.41,scattered clouds
336,Tiksi,RU,71.6872,128.8694,40.06,85,64,21.63,broken clouds
337,Margate,GB,51.3813,1.3862,69.69,79,18,4.0,few clouds
338,Urucuca,BR,-14.5931,-39.2844,70.61,98,31,2.82,scattered clouds
339,Broken Hill,AU,-31.95,141.4333,46.81,93,99,12.39,overcast clouds
340,Lebu,CL,-37.6167,-73.65,52.39,97,100,8.32,overcast clouds
341,Picota,PE,-6.9197,-76.3304,82.89,74,53,0.89,broken clouds
342,Las Matas De Farfan,DO,18.8731,-71.5166,77.07,73,3,6.11,clear sky
343,Abalak,RU,58.1286,68.5944,59.41,97,100,1.21,moderate rain
344,Guiratinga,BR,-16.3494,-53.7583,72.84,34,25,4.65,scattered clouds
345,Waipawa,NZ,-41.4122,175.5153,45.61,94,100,29.95,light rain
346,Fukuma,JP,33.7667,130.4667,86.29,85,100,8.88,overcast clouds
347,Port Lincoln,AU,-34.7333,135.8667,54.07,72,55,13.24,broken clouds
348,Vao,NC,-22.6667,167.4833,74.12,89,99,10.02,overcast clouds
349,Shingu,JP,33.7333,135.9833,86.56,56,77,0.76,broken clouds
350,Roebourne,AU,-20.7833,117.1333,68.88,48,4,5.37,clear sky
351,Santa Ana,US,33.7456,-117.8678,100.42,46,40,14.97,scattered clouds
352,Wukari,NG,7.85,9.7833,72.45,92,100,2.46,overcast clouds
353,Beloha,MG,-25.1667,45.05,61.0,67,0,7.09,clear sky
354,Marawi,PH,7.9986,124.2928,74.64,85,64,0.18,broken clouds
355,Saint-Joseph,RE,-21.3667,55.6167,66.58,75,19,14.83,few clouds
356,Maloy,NO,61.9353,5.1136,55.13,92,100,6.31,overcast clouds
357,Leszno,PL,51.8403,16.5749,75.61,54,68,8.63,broken clouds
358,Launceston,AU,-41.45,147.1667,48.79,84,100,6.91,overcast clouds
359,Otofuke,JP,42.9917,143.2003,63.55,86,86,3.51,overcast clouds
360,Tateyama,JP,34.9833,139.8667,80.53,76,62,7.78,broken clouds
361,Juneau,US,58.3019,-134.4197,53.22,95,100,13.8,light rain
362,Minab,IR,27.1467,57.0801,89.92,70,72,0.0,broken clouds
363,Iqaluit,CA,63.7506,-68.5145,49.73,81,75,2.3,broken clouds
364,Shaowu,CN,27.3409,117.4831,86.4,70,87,1.81,overcast clouds
365,Sao Paulo De Olivenca,BR,-3.3783,-68.8725,73.06,97,85,1.74,overcast clouds
366,Kushima,JP,31.4583,131.2333,85.33,80,100,9.86,overcast clouds
367,Watsa,CD,3.0372,29.5355,62.08,98,71,0.69,broken clouds
368,Cheremukhovo,RU,60.3484,59.9851,56.64,98,100,5.75,light rain
369,Iwaki,JP,37.05,140.8833,80.02,76,92,1.01,light rain
370,Pokosnoye,RU,55.5258,101.0536,61.5,68,44,3.33,scattered clouds
371,Plettenberg Bay,ZA,-34.0527,23.3716,52.11,87,19,6.24,few clouds
372,Sioux Lookout,CA,50.1001,-91.917,80.67,44,40,8.05,scattered clouds
373,Sungaipenuh,ID,-2.0833,101.3833,63.79,93,92,2.24,overcast clouds
374,Guatire,VE,10.4762,-66.5427,72.19,98,53,2.3,broken clouds
375,Guerrero Negro,MX,27.9769,-114.0611,79.9,48,12,16.62,few clouds
376,Gra Liyia,GR,35.0167,25.6833,77.13,50,0,14.0,clear sky
377,Marsh Harbour,BS,26.5412,-77.0636,82.78,73,4,12.66,clear sky
378,Coruripe,BR,-10.1256,-36.1756,73.81,87,76,12.39,broken clouds
379,Namibe,AO,-15.1961,12.1522,61.81,82,1,7.16,clear sky
380,Pitea,SE,65.3172,21.4794,60.89,84,63,5.61,broken clouds
381,Kutoarjo,ID,-7.7169,109.9128,75.27,88,88,4.34,overcast clouds
382,East London,ZA,-33.0153,27.9116,61.66,83,97,5.77,overcast clouds
383,Muyezerskiy,RU,63.9333,31.65,57.54,96,97,5.14,overcast clouds
384,Makakilo City,US,21.3469,-158.0858,82.0,65,100,12.66,light rain
385,Tchibanga,GA,-2.85,11.0333,65.28,98,69,1.9,broken clouds
386,Mahebourg,MU,-20.4081,57.7,69.26,77,40,13.8,scattered clouds
387,La Reforma,MX,25.0833,-108.05,88.63,64,36,14.9,scattered clouds
388,Port-Gentil,GA,-0.7193,8.7815,75.16,88,40,8.05,scattered clouds
389,Iberia,US,29.9502,-91.7507,93.2,55,75,13.8,broken clouds
390,Yenagoa,NG,4.9247,6.2642,72.7,85,99,4.43,overcast clouds
391,Biloela,AU,-24.4167,150.5,56.97,90,100,14.61,light rain
392,Yamada,JP,39.4667,141.95,77.11,75,83,2.95,broken clouds
393,Sabzevar,IR,36.2126,57.6819,78.08,21,0,11.5,clear sky
394,Ust-Ordynskiy,RU,52.805,104.7508,61.36,67,58,3.44,broken clouds
395,San Pedro,PH,14.35,121.0167,78.03,92,100,6.91,light rain
396,Thunder Bay,CA,48.4001,-89.3168,75.18,73,75,11.5,broken clouds
397,Winnemucca,US,40.973,-117.7357,98.65,9,0,10.36,clear sky
398,Kaeng Khoi,TH,14.5862,100.9976,78.12,92,100,3.67,overcast clouds
399,Kiunga,PG,-6.1219,141.2906,73.29,100,100,1.77,overcast clouds
400,Pandamatenga,BW,-18.5278,25.627,60.24,63,52,4.81,broken clouds
401,Soe,ID,-9.8607,124.284,68.18,83,99,4.97,overcast clouds
402,Severnyy,RU,50.677,36.5532,53.64,94,40,11.18,scattered clouds
403,Ternate,ID,0.8,127.4,81.61,76,95,1.23,overcast clouds
404,Noumea,NC,-22.2763,166.4572,78.78,99,98,11.23,overcast clouds
405,Tiarei,PF,-17.5333,-149.3333,84.22,73,6,11.43,clear sky
406,Spasskoye,RU,44.6108,132.7969,69.62,89,47,7.4,scattered clouds
407,Evensk,RU,61.95,159.2333,66.47,39,13,3.8,few clouds
408,Lorengau,PG,-2.0226,147.2712,83.17,71,97,4.43,overcast clouds
409,San Juan De Los Morros,VE,9.9115,-67.3538,71.38,95,59,1.14,broken clouds
410,Bitam,GA,2.076,11.5007,67.42,98,100,3.67,overcast clouds
411,Hithadhoo,MV,-0.6,73.0833,80.42,76,100,7.05,overcast clouds
412,Bolotnoye,RU,55.6717,84.3981,58.19,89,100,6.4,overcast clouds
413,Thinadhoo,MV,0.5333,72.9333,80.01,76,100,4.63,overcast clouds
414,Ewo,CG,-0.8725,14.8206,77.68,69,82,2.73,light rain
415,Campbell River,CA,50.0163,-125.2446,80.98,41,20,5.75,few clouds
416,Pokhara,NP,28.2333,83.9833,71.58,92,100,1.25,light rain
417,Kamiiso,JP,41.8167,140.65,71.98,94,40,3.44,scattered clouds
418,Petropavlovsk-Kamchatskiy,RU,53.0452,158.6483,61.39,72,40,8.95,scattered clouds
419,Turayf,SA,31.6725,38.6637,80.85,41,0,9.22,clear sky
420,Maglie,IT,40.1184,18.2989,72.48,100,0,2.3,clear sky
421,Moindou,NC,-21.6924,165.677,78.87,73,100,3.06,overcast clouds
422,Komsomolskiy,UZ,40.4272,71.7189,77.72,33,0,4.61,clear sky
423,Vredendal,ZA,-31.6683,18.5012,46.54,84,0,4.74,clear sky
424,Praia Da Vitoria,PT,38.7333,-27.0667,70.75,94,20,1.7,few clouds
425,Killybegs,IE,54.6333,-8.45,54.39,86,100,5.75,overcast clouds
426,Changli,CN,39.7042,119.1506,75.52,73,9,7.11,clear sky
427,Coihaique,CL,-45.5752,-72.0662,31.95,86,75,4.61,light snow
428,Haines Junction,CA,60.7522,-137.5108,55.35,54,100,9.22,overcast clouds
429,Gambo,CF,4.6482,22.2633,67.86,99,98,1.45,light rain
430,Kidal,ML,18.4411,1.4078,80.73,62,68,13.51,moderate rain
431,Kapatalan,PH,14.4741,121.4903,74.43,88,100,3.74,light rain
432,Touros,BR,-5.1989,-35.4608,74.05,87,87,9.66,overcast clouds
433,Sabha,LY,27.0377,14.4283,81.0,25,0,9.44,clear sky
434,Hovd,MN,48.0056,91.6419,57.25,52,16,1.28,few clouds
435,Valmiera,LV,57.5411,25.4275,57.42,97,10,4.47,clear sky
436,San Rafael,AR,-34.6177,-68.3301,57.52,20,0,7.67,clear sky
437,Tomatlan,MX,19.9333,-105.25,92.1,58,96,8.77,overcast clouds
438,Paamiut,GL,61.994,-49.6678,49.15,85,98,13.65,overcast clouds
439,Quesnel,CA,52.9999,-122.5029,79.3,38,7,4.61,clear sky
440,Liverpool,GB,53.4106,-2.9779,62.62,80,75,13.8,broken clouds
441,Mayumba,GA,-3.432,10.6554,69.62,95,86,6.38,overcast clouds
442,Kulhudhuffushi,MV,6.6221,73.07,80.58,75,97,21.09,overcast clouds
443,Ingham,US,42.6,-84.3833,82.58,59,75,13.8,broken clouds
444,Bisert,RU,56.8617,59.0523,49.41,98,6,4.12,clear sky
445,Strelka,RU,58.0728,93.0344,56.21,96,20,4.36,few clouds
446,Bang Saphan,TH,11.2126,99.5117,74.25,91,100,9.82,light rain
447,Sisimiut,GL,66.9395,-53.6735,49.5,89,100,9.62,light rain
448,Ajdabiya,LY,30.7554,20.2263,73.85,56,0,9.17,clear sky
449,Poum,NC,-20.2333,164.0167,77.67,82,96,16.31,overcast clouds
450,Walvis Bay,NA,-22.9575,14.5053,52.09,81,0,6.91,clear sky
451,Shahr-E Babak,IR,30.1165,55.1186,74.95,15,0,2.42,clear sky
452,Keti Bandar,PK,24.1447,67.4497,82.4,85,83,18.86,broken clouds
453,Najran,SA,17.4924,44.1277,86.65,54,100,8.95,overcast clouds
454,Itoman,JP,26.1247,127.6694,91.4,84,20,6.91,few clouds
455,Mormugao,IN,15.4,73.8,78.06,89,75,5.75,broken clouds
456,Santa Isabel Do Rio Negro,BR,-0.4139,-65.0192,73.06,99,76,0.43,broken clouds
457,Saint-Denis,FR,48.9167,2.3333,67.14,88,100,4.61,overcast clouds
458,Kauswagan,PH,8.1917,124.0847,82.27,77,19,3.74,few clouds
459,Svetlogorsk,BY,52.6333,29.7333,55.17,76,4,10.31,clear sky
460,Smithers,CA,54.7804,-127.1743,70.12,56,75,5.75,broken clouds
461,Yulara,AU,-25.2406,130.9889,51.21,42,14,11.92,few clouds
462,Kawalu,ID,-7.3817,108.2082,72.0,95,84,2.48,broken clouds
463,Kars,TR,40.602,43.095,57.65,88,0,9.22,clear sky
464,Ngunguru,NZ,-35.6167,174.5,55.53,75,34,15.14,scattered clouds
465,Carupano,VE,10.6678,-63.2585,78.58,87,7,6.6,clear sky
466,Tieling,CN,42.2931,123.8414,70.79,90,97,3.29,moderate rain
467,Grindavik,IS,63.8424,-22.4338,51.75,87,0,11.5,clear sky
468,Burnie,AU,-41.0667,145.9167,50.94,82,92,8.57,overcast clouds
469,Rafaela,AR,-31.2503,-61.4867,62.01,54,97,6.91,overcast clouds
470,Pisco,PE,-13.7,-76.2167,60.85,82,100,10.36,overcast clouds
471,Khorixas,NA,-20.3667,14.9667,60.08,32,0,5.06,clear sky
472,Kwinana,AU,-32.25,115.7667,56.34,88,100,11.1,overcast clouds
473,Chapleau,CA,47.8405,-83.4034,69.89,78,75,5.75,broken clouds
474,Yumen,CN,40.2833,97.2,62.06,48,69,20.2,broken clouds
475,Dubbo,AU,-32.25,148.6167,55.53,62,100,16.11,overcast clouds
476,Halifax,CA,44.6453,-63.5724,77.49,50,40,8.05,scattered clouds
477,Sambava,MG,-14.2667,50.1667,69.42,83,35,13.06,light rain
478,Karatsu,JP,33.4425,129.9697,85.89,83,96,15.01,overcast clouds
479,Pacocha,PE,-17.5833,-71.3333,58.78,86,83,2.66,broken clouds
480,Brodokalmak,RU,55.5748,62.082,54.5,93,12,9.19,few clouds
481,Meulaboh,ID,4.1363,96.1285,75.25,83,99,3.42,overcast clouds
482,Tura,IN,25.5198,90.2201,74.26,97,100,4.43,light rain
483,Huarmey,PE,-10.0681,-78.1522,62.82,84,0,10.11,clear sky
484,Jalu,LY,29.0331,21.5482,75.61,38,0,13.02,clear sky
485,Qena,EG,26.1615,32.7183,87.26,22,0,9.66,clear sky
486,Kalevala,RU,65.2,31.1667,57.43,95,88,4.27,overcast clouds
487,Pacific Grove,US,36.6177,-121.9166,79.02,81,20,9.22,few clouds
488,Zhezkazgan,KZ,47.8043,67.7144,75.18,38,0,4.47,clear sky
489,Altamira,BR,-3.2033,-52.2064,77.4,73,80,2.33,broken clouds
490,Bac Lieu,VN,9.285,105.7244,79.59,84,100,6.76,moderate rain
491,Puerto Cabezas,NI,14.0351,-83.3888,84.16,89,40,4.61,scattered clouds
492,Filingue,NE,14.3521,3.3168,86.88,53,59,13.49,broken clouds
493,Champerico,GT,14.3,-91.9167,90.14,77,81,7.52,broken clouds
494,Havre-Saint-Pierre,CA,50.2334,-63.5986,73.76,56,100,14.97,overcast clouds
495,Keighley,GB,53.8679,-1.9066,63.09,90,75,5.75,broken clouds
496,Dakar,SN,14.6937,-17.4441,80.73,89,75,6.91,broken clouds
497,Teguise,ES,29.0605,-13.564,70.02,83,20,20.71,few clouds
498,Sarangani,PH,5.4033,125.4636,82.98,70,63,0.94,broken clouds
499,Cayenne,GF,4.9333,-52.3333,81.09,1,0,0.0,clear sky
500,Kumasi,GH,6.6885,-1.6244,66.88,85,46,4.63,scattered clouds
501,Teya,RU,60.3778,92.6267,56.8,86,67,4.03,broken clouds
502,Rauma,FI,61.1272,21.5113,60.84,87,67,7.87,broken clouds
503,Severo-Yeniseyskiy,RU,60.3725,93.0408,54.68,81,60,4.07,broken clouds
504,Malindi,KE,-3.2175,40.1191,72.21,86,15,13.24,light rain
505,Maridi,SS,4.9158,29.4742,64.51,95,25,1.21,scattered clouds
506,Kashin,RU,57.3592,37.6081,56.93,96,100,9.33,overcast clouds
507,Alta Floresta,BR,-9.8756,-56.0861,74.68,42,0,0.31,clear sky
508,Kiruna,SE,67.8557,20.2251,54.52,82,75,5.75,broken clouds
509,Leningradskiy,RU,69.3833,178.4167,33.3,99,100,20.78,snow
510,Misratah,LY,32.3754,15.0925,79.52,62,0,7.45,clear sky
511,Springdale,US,36.1867,-94.1288,103.82,34,0,11.99,clear sky
512,Saint Anthony,US,45.0205,-93.218,88.14,42,40,23.02,scattered clouds
513,Yar-Sale,RU,66.8333,70.8333,51.82,67,30,10.85,scattered clouds
514,Shihezi,CN,44.3,86.0333,71.82,28,11,3.27,few clouds
515,Weligama,LK,5.9667,80.4167,77.92,87,93,13.15,overcast clouds
516,Innisfail,AU,-17.5333,146.0333,71.38,79,98,6.89,overcast clouds
517,Andros,GR,37.8333,24.9333,73.96,60,0,15.01,clear sky
518,Faanui,PF,-16.4833,-151.75,77.99,65,1,9.15,clear sky
519,Avera,US,33.194,-82.5271,86.05,61,91,9.31,overcast clouds
520,Cairns,AU,-16.9167,145.7667,78.12,70,75,12.66,broken clouds
521,Natitingou,BJ,10.3042,1.3796,73.18,77,94,1.36,overcast clouds
522,Comodoro Rivadavia,AR,-45.8667,-67.5,40.86,38,0,28.77,clear sky
523,Sinnamary,GF,5.3833,-52.95,77.34,85,19,6.38,few clouds
524,San Policarpo,PH,12.1791,125.5072,83.39,78,94,5.03,overcast clouds
525,Solnechnyy,RU,50.7214,136.6319,58.42,97,100,5.64,overcast clouds
526,Zunyi,CN,27.6867,106.9072,72.59,91,92,4.16,overcast clouds
527,Akot,IN,21.0964,77.0586,75.27,88,100,10.33,moderate rain
528,Port Hardy,CA,50.6996,-127.4199,62.78,77,20,11.5,few clouds
529,Gardone Val Trompia,IT,45.6942,10.187,79.36,40,0,5.88,clear sky
530,Moose Factory,CA,51.2585,-80.6094,68.0,77,100,16.11,haze
531,Mujiayingzi,CN,42.1167,118.7833,71.87,68,100,4.59,overcast clouds
532,Mogapinyana,BW,-22.3667,27.6,54.99,85,52,5.93,broken clouds
533,Portland,US,45.5234,-122.6762,94.84,35,20,11.5,few clouds
534,Caohe,CN,30.2297,115.4335,79.59,92,98,3.67,overcast clouds
535,Bamako,ML,12.65,-8.0,75.61,94,20,5.75,few clouds
536,Waingapu,ID,-9.6567,120.2641,76.84,68,44,9.04,scattered clouds
537,Penzance,GB,50.1186,-5.5371,59.68,81,8,8.01,clear sky
538,Santa Maria,BR,-29.6842,-53.8069,60.1,100,0,3.44,clear sky
539,Marrakesh,MA,31.6315,-8.0083,91.47,29,40,8.05,scattered clouds
540,Gotsu,JP,35.0,132.2167,74.48,83,100,4.18,overcast clouds
541,Herat,AF,34.5,62.0,77.83,18,0,16.15,clear sky
542,Sainte-Marie,RE,-20.8968,55.5496,68.16,81,75,20.71,broken clouds
543,Kostrzyn,PL,52.3985,17.2281,76.91,51,5,5.99,clear sky
544,Ginda,IN,30.6945,78.4932,65.68,99,99,0.4,overcast clouds
545,Ouadda,CF,8.0777,22.4007,66.6,97,36,1.45,scattered clouds
546,Cabedelo,BR,-6.9811,-34.8339,74.07,88,89,9.73,overcast clouds
547,Hualmay,PE,-11.0964,-77.6139,62.28,81,39,10.38,scattered clouds
548,Hay River,CA,60.8156,-115.7999,62.58,82,75,10.36,light rain
549,Zhoucheng,CN,35.9122,116.3117,75.18,82,16,3.42,few clouds
550,Srednekolymsk,RU,67.45,153.6833,48.99,64,99,5.59,overcast clouds
551,Monte Alegre,BR,-2.0078,-54.0692,76.82,83,87,4.5,overcast clouds
552,Ambulu,ID,-8.345,113.6058,74.01,83,9,3.24,clear sky
553,Sayaxche,GT,16.5167,-90.1667,78.69,82,96,4.25,overcast clouds
554,Khorinsk,RU,52.1657,109.7726,61.23,68,69,3.78,broken clouds
555,Pasaje,EC,-3.3333,-79.8167,74.91,91,53,1.68,broken clouds
556,Shakawe,BW,-18.3667,21.85,57.54,40,49,5.01,scattered clouds
557,Aragarcas,BR,-15.8975,-52.2508,73.22,34,7,1.12,clear sky
558,Glasgow,GB,55.8652,-4.2576,56.91,93,2,6.91,clear sky
559,Ponta Delgada,PT,37.7333,-25.6667,70.52,88,75,2.3,broken clouds
560,Borger,NL,52.9233,6.7931,69.87,87,82,7.27,moderate rain
561,Peleduy,RU,59.6289,112.7406,58.77,95,100,5.95,light rain
562,Telsiai,LT,55.9814,22.2472,57.06,83,35,2.66,scattered clouds
563,Tabou,CI,4.423,-7.3528,75.13,72,98,7.94,overcast clouds
564,Hambantota,LK,6.1241,81.1185,78.49,84,97,16.49,overcast clouds
565,Taltal,CL,-25.4,-70.4833,58.69,83,100,3.27,overcast clouds
566,Maku,IR,39.2911,44.4521,71.53,53,0,2.48,clear sky
567,Waddan,LY,29.1614,16.139,76.6,59,0,8.01,clear sky
568,Okha,RU,53.5739,142.9478,57.47,91,100,10.85,overcast clouds
569,Ussel,FR,45.55,2.3167,56.1,88,6,1.61,clear sky
570,Nicoya,CR,10.1483,-85.452,76.05,91,100,4.0,overcast clouds
571,Bandarbeyla,SO,9.4942,50.8122,73.76,87,44,24.81,scattered clouds
572,Lamar,US,33.6668,-95.5836,103.91,29,0,4.61,clear sky
573,Grand-Santi,GF,4.25,-54.3833,74.19,83,59,3.2,light rain
574,Vila Franca Do Campo,PT,37.7167,-25.4333,70.21,88,63,1.36,broken clouds
575,Ayan,RU,56.45,138.1667,57.6,97,100,4.34,overcast clouds
576,Esil,KZ,51.9556,66.4042,62.83,82,32,6.91,scattered clouds
577,Half Moon Bay,US,37.4636,-122.4286,88.54,74,100,26.46,overcast clouds
578,Kholm,RU,59.2667,32.85,60.35,95,9,8.05,clear sky
579,Buraydah,SA,26.326,43.975,86.45,11,9,6.26,clear sky
580,Puranpur,IN,28.5167,80.15,78.42,86,100,5.41,overcast clouds
581,Bam,IR,29.106,58.357,88.72,11,2,5.61,clear sky
582,Ormara,PK,25.2088,64.6357,82.94,84,100,17.31,overcast clouds
583,Merauke,ID,-8.4667,140.3333,79.56,80,78,12.37,broken clouds
584,Arequipa,PE,-16.3989,-71.535,62.67,23,0,4.61,clear sky
585,Acapulco,MX,16.8634,-99.8901,84.88,78,56,5.66,broken clouds
586,Gushikawa,JP,26.3544,127.8686,90.63,70,86,13.78,overcast clouds
587,Longford,IE,53.7333,-7.8,50.05,86,91,4.05,overcast clouds
588,Naberera,TZ,-4.2,36.9333,55.27,83,67,9.57,broken clouds
589,Ho Chi Minh City,VN,10.75,106.6667,78.82,94,75,2.3,broken clouds
590,Mairana,BO,-18.1167,-63.9333,52.18,98,45,3.36,scattered clouds
591,Lincoln,US,40.8,-96.667,93.0,37,0,4.61,clear sky
592,Fox Lake,US,42.3967,-88.1837,82.89,66,28,7.0,scattered clouds
593,Tautira,PF,-17.7333,-149.15,76.48,70,3,8.23,clear sky
594,Ndola,ZM,-12.9587,28.6366,61.84,56,89,7.54,overcast clouds
595,Stornoway,GB,58.2093,-6.3865,54.93,89,75,4.61,broken clouds
596,Luganville,VU,-15.5333,167.1667,82.89,76,37,11.1,scattered clouds
597,Andenes,NO,69.3143,16.1194,57.92,94,100,6.91,overcast clouds
598,Usinsk,RU,65.9939,57.5281,63.55,60,32,8.14,scattered clouds
599,Wankaner,IN,22.6167,70.9333,78.33,88,84,13.27,broken clouds
600,Kamenka,RU,51.3223,42.7678,57.51,91,85,8.48,overcast clouds
601,Borogontsy,RU,62.6683,131.1683,76.55,61,95,6.62,overcast clouds
602,Fatehpur,IN,25.9333,80.8,80.62,89,100,5.97,overcast clouds
603,Pasighat,IN,28.0667,95.3333,77.05,97,100,1.21,overcast clouds
604,Victoria Point,AU,-27.5833,153.3,64.18,83,100,5.99,moderate rain
605,Zaysan,KZ,47.4667,84.8667,69.03,32,96,3.62,overcast clouds
606,Bengkulu,ID,-3.8004,102.2655,75.7,91,41,3.89,scattered clouds
607,Itarema,BR,-2.9248,-39.9167,77.4,76,50,11.63,scattered clouds
608,Astana,KZ,51.1801,71.446,66.15,63,20,6.71,few clouds
609,Hvide Sande,DK,56.0045,8.1294,62.1,93,20,7.85,few clouds
610,Nakamura,JP,32.9833,132.9333,87.58,66,98,1.9,overcast clouds
611,Maicao,CO,11.3832,-72.2432,82.58,70,12,11.63,few clouds
612,Camana,PE,-16.6228,-72.7111,60.31,86,71,4.5,broken clouds
613,Oranjemund,NA,-28.55,16.4333,51.78,81,21,14.97,few clouds
614,Zhuanghe,CN,39.7008,122.9911,69.82,80,88,6.55,overcast clouds
615,Eureka,US,40.8021,-124.1637,71.2,75,59,4.0,broken clouds
616,Kaeo,NZ,-35.1,173.7833,57.33,91,45,16.91,scattered clouds
617,Port Hedland,AU,-20.3167,118.5667,59.05,63,2,6.91,clear sky
618,Oka,CA,45.4649,-74.0889,84.42,83,52,4.61,broken clouds
619,Khairagarh,IN,26.95,77.8167,85.12,71,98,6.17,overcast clouds
620,Acari,PE,-15.4311,-74.6158,64.36,77,55,3.71,broken clouds
621,Road Town,VG,18.4167,-64.6167,82.49,78,40,13.8,scattered clouds
622,Kyabe,TD,9.4515,18.9449,70.79,96,81,3.62,broken clouds
623,Plouzane,FR,48.3833,-4.6167,60.98,91,100,4.61,overcast clouds
624,Dicabisagan,PH,17.0818,122.4157,84.27,76,87,3.18,moderate rain
625,Hereford,GB,52.0568,-2.7148,61.5,82,86,7.92,overcast clouds
626,Buta,CD,2.7858,24.73,68.5,99,83,2.01,broken clouds
627,Hobyo,SO,5.3505,48.5268,74.82,81,40,23.98,scattered clouds
628,Nanchong,CN,30.7951,106.0847,78.12,83,46,4.03,scattered clouds
629,Eldorado,BR,-23.7869,-54.2836,70.09,64,55,6.58,broken clouds
630,Proletarskiy,RU,50.7914,35.7731,51.21,94,0,11.03,clear sky
631,Wencheng,CN,33.0559,113.7978,78.21,76,64,4.32,broken clouds
632,Ascension,US,30.2169,-90.9001,93.27,65,0,6.91,clear sky
633,Utinga,BR,-5.8172,-35.3954,77.4,94,0,8.05,clear sky
634,Popondetta,PG,-8.7537,148.2534,86.07,59,41,3.51,scattered clouds
635,Kirakira,SB,-10.4544,161.9205,84.67,69,52,7.63,broken clouds
636,Jega,NG,12.2175,4.3792,79.65,72,100,5.41,light rain
637,Trairi,BR,-3.2778,-39.2689,77.32,77,71,12.86,broken clouds
638,Cockburn Town,TC,21.4612,-71.1419,82.2,80,0,20.62,clear sky
639,Jizan,SA,17.3333,42.6667,90.54,72,100,6.55,overcast clouds
640,Santa Marta,CO,11.2408,-74.199,80.49,84,73,14.07,broken clouds
641,Shubarshi,KZ,48.5872,57.1869,70.95,40,89,9.24,overcast clouds
642,Atalaya,PA,8.05,-80.9333,75.92,92,100,3.78,overcast clouds
643,Leh,IN,34.1667,77.5833,60.75,22,100,8.93,overcast clouds
644,Salekhard,RU,66.53,66.6019,58.39,63,99,5.28,overcast clouds
645,Vanavara,RU,60.34,102.2797,60.78,71,56,5.68,broken clouds
646,Teahupoo,PF,-17.8333,-149.2667,78.76,71,4,9.22,clear sky
647,Tulsipur,NP,28.131,82.2973,74.41,91,100,2.17,overcast clouds
648,Rapar,IN,23.5667,70.6333,80.92,83,100,14.36,overcast clouds
649,Cocoa Beach,US,28.32,-80.6076,84.99,75,2,14.34,clear sky
650,Cap Malheureux,MU,-19.9842,57.6142,69.48,65,93,5.01,overcast clouds
651,Grants,US,35.1473,-107.8514,84.43,21,84,3.44,light rain
652,Pombas,CV,17.1503,-25.0201,74.98,87,28,6.98,scattered clouds
653,Bolgatanga,GH,10.7856,-0.8514,80.02,63,86,3.85,overcast clouds
654,Yarmouth,US,41.7057,-70.2286,82.65,78,0,11.5,clear sky
655,Leshan,CN,29.5623,103.7639,74.79,83,44,0.92,scattered clouds
656,Frederick,US,39.4668,-77.3997,89.62,65,0,6.91,clear sky
657,Davila,PH,18.4726,120.5763,82.38,76,45,3.4,scattered clouds
658,Kefamenanu,ID,-9.4467,124.4781,72.93,85,100,5.39,overcast clouds
659,Coahuayana,MX,18.7333,-103.6833,88.34,67,40,4.81,scattered clouds
660,Hailey,US,43.5196,-114.3153,95.88,20,7,18.01,clear sky
661,Tolmin,SI,46.183,13.7332,75.22,54,85,4.81,overcast clouds
662,Erzin,TR,36.9559,36.2,75.24,66,0,1.83,clear sky
663,Christchurch,NZ,-43.5333,172.6333,43.41,87,100,24.16,light rain
664,Muli,MV,2.9167,73.5667,81.41,74,100,16.51,light rain
665,Bonavista,CA,48.6499,-53.1147,59.14,93,95,23.33,light rain
666,Puerto Baquerizo Moreno,EC,-0.9,-89.6,68.99,94,75,8.05,broken clouds
667,Flin Flon,CA,54.7682,-101.865,60.64,77,75,2.3,broken clouds
668,Farafangana,MG,-22.8167,47.8333,66.97,86,60,8.97,light rain
669,San Ignacio,BZ,17.1561,-89.0714,82.54,78,40,0.0,scattered clouds
670,Biak,ID,-0.9131,122.8766,79.25,77,40,3.2,scattered clouds
671,Pachino,IT,36.7186,15.0907,78.96,68,0,3.89,clear sky
672,Nelson Bay,AU,-32.7167,152.15,64.99,72,88,21.0,overcast clouds
673,Mayor Pablo Lagerenza,PY,-19.9309,-60.7718,74.88,35,26,6.73,scattered clouds
674,Nantucket,US,41.2835,-70.0995,82.51,90,0,14.88,clear sky
675,Jacareacanga,BR,-6.2222,-57.7528,77.41,56,24,1.59,few clouds
676,Iowa City,US,41.6611,-91.5302,84.65,52,0,1.99,clear sky
677,Robertsport,LR,6.7533,-11.3686,76.19,81,100,15.12,light rain
678,Barguzin,RU,53.6167,109.6167,60.49,81,76,3.36,broken clouds
679,Black River,JM,18.0264,-77.8487,81.93,70,54,4.52,broken clouds
680,Praia,CV,14.9215,-23.5087,77.54,83,40,9.22,scattered clouds
681,Port Macquarie,AU,-31.4333,152.9167,57.09,88,100,6.91,overcast clouds
682,Brae,GB,60.3964,-1.353,53.29,90,99,15.68,overcast clouds
683,Katobu,ID,-4.9408,122.5276,78.57,85,17,6.38,few clouds
684,Vilcun,CL,-38.65,-72.2333,45.34,99,100,4.79,overcast clouds
685,Limenaria,GR,40.6261,24.5786,76.78,62,0,3.11,clear sky
686,Ortakoy,TR,38.7373,34.0387,57.45,84,0,7.34,clear sky
687,Eisenerz,AT,47.5333,14.8833,65.08,69,54,1.74,broken clouds
688,Banda Aceh,ID,5.5577,95.3222,79.86,71,99,13.76,overcast clouds
689,Ilhabela,BR,-23.7781,-45.3581,67.8,92,41,4.47,scattered clouds
690,Graham,US,47.0529,-122.2943,87.84,45,0,4.61,clear sky
691,Luau,AO,-10.7073,22.2247,63.72,35,28,8.59,scattered clouds
692,Blyth,GB,55.1271,-1.5086,64.08,83,40,3.44,scattered clouds
